<?xml version="1.0" encoding="UTF-8"?>
<project-private xmlns="http://www.netbeans.org/ns/project-private/1">
    <editor-bookmarks xmlns="http://www.netbeans.org/ns/editor-bookmarks/2" lastBookmarkId="0"/>
    <open-files xmlns="http://www.netbeans.org/ns/projectui-open-files/2">
        <group>
            <file>file:/Users/NETStudio/Drive/projects/php/seguros/admin/index.php</file>
            <file>file:/Users/NETStudio/Drive/projects/php/seguros/sepol/header.php</file>
            <file>file:/Users/NETStudio/Drive/projects/php/seguros/sepol/index.php</file>
            <file>file:/Users/NETStudio/Drive/projects/php/seguros/model/Poliza.php</file>
            <file>file:/Users/NETStudio/Drive/projects/php/seguros/admin/header.php</file>
        </group>
    </open-files>
</project-private>
